ProviderID,Fullname,IP adress:,Email
WRV,Saif Handley,35.48.234.95,redingtn@sbcglobal.net
MCY,Tayla Ali,144.15.82.184,cisugrad@verizon.net
JNU,Sannah Luna,102.144.137.171,johndo@me.com
SLZ,Tazmin Rawlings,180.16.184.133,psharpe@yahoo.ca
UWS,Evie-May Drew,13.182.111.190,wilsonpm@comcast.net
THA,Bernard Hanna,66.21.19.247,goresky@yahoo.com
PZA,Jena Harwood,64.35.244.31,scarolan@me.com
LYC,Kairon Cervantes,148.123.151.44,akoblin@gmail.com
GRM,Marian Neville,71.187.43.39,carreras@msn.com
FLF,Jay Kaufman,46.162.157.250,storerm@msn.com
HAB,Mylie Connor,216.70.109.98,dvdotnet@icloud.com
ETF,Tariq Heaton,215.91.214.67,naupa@gmail.com
QAR,Una Corona,44.183.146.71,bsikdar@gmail.com
UFF,Ayana Garcia,161.13.70.181,kalpol@yahoo.ca
EZY,Lilly-Mai Larson,222.20.170.167,zwood@yahoo.com
EPD,Pippa Barnes,201.215.235.109,dkrishna@icloud.com
XCW,Vlad Lowry,189.219.113.84,kewley@optonline.net
PCS,Keziah Mcdermott,188.247.201.145,matsn@mac.com
GWG,Joey Mccullough,84.163.12.171,rfoley@hotmail.com
WJN,Kayley Shannon,184.116.204.160,gator@verizon.net
PXK,Vivek Graham,107.159.53.14,doche@mac.com
MHE,Shana Mccormick,238.215.88.122,ullman@verizon.net
FVC,Bailey Contreras,35.219.245.77,itstatus@yahoo.ca
PKD,Gino Scott,50.109.201.254,amimojo@outlook.com
GHC,Addison Mccarty,64.71.76.163,ivoibs@msn.com
KTC,Lynn Webster,217.134.249.87,wainwrig@yahoo.ca
WZP,Frederic Oneill,61.21.147.73,evans@yahoo.com
HKX,Arwa Evans,73.107.211.91,jramio@msn.com
FRE,Lily-Ann Rubio,13.168.174.243,boomzilla@hotmail.com
BCX,Callen Mendoza,250.38.167.125,research@yahoo.ca
DDN,Duy Nguyen,192.168.0.108,nanop@verizon.net
